{
    "positionPlayer": {
        "x": 8.724337577819825,
        "y": 0.0013837218284606934,
        "z": 0.0
    },
    "constucao": []
}