{
    "positionPlayer": {
        "x": 0.5009151101112366,
        "y": -2.0714831352233888,
        "z": 0.0
    },
    "constucao": []
}