{
    "positionPlayer": {
        "x": -0.440000057220459,
        "y": -5.320561408996582,
        "z": 0.0
    },
    "constucao": []
}