{
    "positionPlayer": {
        "x": -0.440000057220459,
        "y": -2.8964128494262697,
        "z": 0.0
    },
    "constucao": []
}