{
    "positionPlayer": {
        "x": -0.440000057220459,
        "y": -1.9200001955032349,
        "z": 0.0
    },
    "constucao": []
}