{
    "positionPlayer": {
        "x": -0.440000057220459,
        "y": -3.8072400093078615,
        "z": 0.0
    },
    "constucao": []
}